﻿{
	"name": "nouislider",
	"title": "noUiSlider - jQuery Range Slider",
	"description": "A lightweight, highly customizable range slider without bloat.",
	"keywords": [
		"range",
		"slider",
		"form",
		"input",
		"serialize",
		"handle"
	],
	"licenses": [
		{
			"type": "noUiSlider Public License",
			"url": "http://refreshless.com/nouislider/license.txt"
		}
	],
	"version": "3.2.1",
	"author": {
		"name": "Léon Gersen",
		"url": "https://twitter.com/LeonGersen"
	},
	"bugs": "https://github.com/leongersen/noUiSlider/issues",
	"homepage": "http://refreshless.com/nouislider/",
	"docs": "http://refreshless.com/nouislider/",
	"download": "http://refreshless.com/nouislider/download/",
	"dependencies": {
		"jquery": ">=1.7"
	}
}